City_ID,City,Lat,Lng,Max Temp,Humidity,Cloudiness,Wind Speed,Country,Date
0,west island,-12.1568,96.8225,26.99,74,40,7.2,CC,1696996519
1,san fernando de apure,7.8878,-67.4724,23.96,91,12,1.65,VE,1696996519
2,glace bay,46.1969,-59.957,11.99,96,75,3.09,CA,1696996520
3,edinburgh of the seven seas,-37.0676,-12.3116,13.4,94,100,7.87,SH,1696996520
4,port-aux-francais,-49.35,70.2167,1.68,66,100,14.96,TF,1696996520
5,longyearbyen,78.2186,15.6401,-6.09,79,0,6.17,SJ,1696996520
6,okhotsk,59.3833,143.3,2.29,91,70,3.57,RU,1696996520
7,tiksi,71.6872,128.8694,-8.76,98,98,1.42,RU,1696996520
8,boticas,41.6758,-7.716,16.78,43,54,0.57,PT,1696996521
9,ushuaia,-54.8,-68.3,3.81,87,40,9.77,AR,1696996521
10,keetmanshoop,-26.5833,18.1333,19.51,37,63,4.12,NA,1696996521
11,uturoa,-16.7333,-151.4333,26.38,80,27,5.89,PF,1696996521
12,papatowai,-46.5619,169.4708,12.67,51,77,9.23,NZ,1696996521
13,olavarria,-36.8927,-60.3225,8.86,66,100,8.68,AR,1696996521
14,jamestown,42.097,-79.2353,10.57,63,100,4.12,US,1696996521
15,waitangi,-43.9535,-176.5597,9.9,70,68,3.58,NZ,1696996521
16,invercargill,-46.4,168.35,11.68,64,93,5.81,NZ,1696996242
17,brisas de zicatela,15.8369,-97.0419,26.29,65,75,1.03,MX,1696996522
18,albany,42.6001,-73.9662,10.02,85,91,1.48,US,1696996477
19,avarua,-21.2078,-159.775,23.03,68,100,4.12,CK,1696996522
20,chemolgan,43.1897,76.5292,20.81,23,61,0.89,KZ,1696996522
21,narrabri,-30.3167,149.7833,29.73,17,0,1.62,AU,1696996522
22,grytviken,-54.2811,-36.5092,1.36,95,100,3.49,GS,1696996522
23,adamstown,-25.066,-130.1015,20.82,67,100,5.32,PN,1696996523
24,halifax,44.6453,-63.5724,12.0,90,1,2.06,CA,1696996112
25,isafjordur,66.0755,-23.124,1.91,91,100,8.35,IS,1696996523
26,kurumkan,54.3,110.3,10.07,73,13,0.89,RU,1696996523
27,thinadhoo,0.5333,72.9333,27.63,78,91,7.01,MV,1696996523
28,utrik,11.2278,169.8474,28.11,72,90,5.17,MH,1696996523
29,gadzhiyevo,69.2551,33.3362,-1.72,86,9,3.28,RU,1696996523
30,talnakh,69.4865,88.3972,1.23,93,100,5.83,RU,1696996523
31,chonchi,-42.6128,-73.8092,5.56,85,7,1.74,CL,1696996524
32,ust-nera,64.5667,143.2,-7.1,96,100,1.79,RU,1696996524
33,banda aceh,5.5577,95.3222,28.89,72,100,3.13,ID,1696996524
34,tsiombe,-25.3,45.4833,20.99,80,98,4.69,MG,1696996524
35,blackmans bay,-43.0167,147.3167,20.85,54,20,3.08,AU,1696996524
36,kamaishi,39.2667,141.8833,17.22,61,64,3.49,JP,1696996524
37,ghanzi,-21.5667,21.7833,22.43,54,100,4.36,BW,1696996420
38,tolanaro,-25.0319,46.9987,21.04,88,75,3.09,MG,1696996525
39,thompson,55.7435,-97.8558,-0.91,93,20,1.54,CA,1696996481
40,rubiataba,-15.1644,-49.8033,24.81,69,53,0.96,BR,1696996525
41,iqaluit,63.7506,-68.5145,0.85,86,100,0.0,CA,1696996525
42,georgetown,5.4112,100.3354,29.97,78,20,2.24,MY,1696996525
43,hermanus,-34.4187,19.2345,14.19,86,4,3.7,ZA,1696996525
44,kushiro,42.975,144.3747,16.53,51,40,4.63,JP,1696996525
45,holualoa,19.6228,-155.9522,25.91,78,75,2.57,US,1696996525
46,punta arenas,-53.15,-70.9167,6.06,75,75,17.49,CL,1696996525
47,marquette,46.5333,-87.6335,6.57,83,67,2.24,US,1696996526
48,rongelap,11.1635,166.8941,28.41,70,97,5.23,MH,1696996526
49,north bay,46.3168,-79.4663,8.95,95,100,3.6,CA,1696996526
50,chillicothe,39.3331,-82.9824,8.55,84,0,0.0,US,1696996485
51,akureyri,65.6835,-18.0878,2.96,87,100,12.35,IS,1696996526
52,uthal,25.8072,66.6219,27.69,75,9,0.93,PK,1696996526
53,sihanoukville,10.6093,103.5296,31.97,70,40,2.06,KH,1696996526
54,hotan,37.0997,79.9269,19.38,25,0,1.87,CN,1696996526
55,saipan,15.1355,145.701,30.39,79,75,8.75,MP,1696996311
56,kyren,51.6828,102.1408,12.19,51,0,0.89,RU,1696996527
57,wailua homesteads,22.0669,-159.378,27.24,79,40,6.17,US,1696996527
58,broome,42.2506,-75.833,10.93,80,98,0.98,US,1696996527
59,puerto ayora,-0.7393,-90.3518,24.19,94,20,4.02,EC,1696996527
60,shahrud,36.4182,54.9763,18.54,38,21,0.74,IR,1696996527
61,san juan de miraflores,-12.1629,-76.9635,19.54,81,95,4.57,PE,1696996527
62,camara de lobos,32.6333,-16.9667,25.07,49,0,1.54,PT,1696996527
63,buala,-8.145,159.5921,29.52,72,39,3.66,SB,1696996527
64,vila franca do campo,37.7167,-25.4333,22.23,99,100,4.84,PT,1696996528
65,bredasdorp,-34.5322,20.0403,15.53,78,98,3.61,ZA,1696996528
66,puerto natales,-51.7236,-72.4875,3.34,90,97,3.77,CL,1696996528
67,ilulissat,69.2167,-51.1,-1.99,93,100,0.0,GL,1696996528
68,prineville,44.2999,-120.8345,12.47,58,100,4.63,US,1696996528
69,bilibino,68.0546,166.4372,-10.02,92,83,1.79,RU,1696996528
70,copala,16.65,-98.9833,25.45,79,100,2.66,MX,1696996528
71,bethel,41.3712,-73.414,11.81,87,0,0.0,US,1696996439
72,georgievka,49.3314,81.5761,17.23,45,40,6.22,KZ,1696996528
73,laguna,38.421,-121.4238,18.16,89,100,3.09,US,1696996529
74,guadalupe victoria,32.2869,-115.105,29.41,38,0,2.19,MX,1696996529
75,iwanai,42.9744,140.5089,15.46,54,5,3.65,JP,1696996529
76,andzhiyevskiy,44.23,43.08,7.47,93,75,6.0,RU,1696996529
77,kapuskasing,49.4169,-82.4331,4.05,93,100,2.57,CA,1696996529
78,opuwo,-18.0607,13.84,19.31,36,96,1.24,NA,1696996529
79,udachny,66.4167,112.4,9.14,81,100,11.18,RU,1696996529
80,pangody,65.85,74.4859,3.11,82,94,4.59,RU,1696996529
81,bandar-e lengeh,26.5579,54.8807,28.06,83,0,2.06,IR,1696996530
82,hilo,19.7297,-155.09,26.85,77,100,4.12,US,1696996323
83,molina,-35.1167,-71.2833,11.85,76,100,1.54,CL,1696996502
84,konarka,19.9,86.1167,32.22,66,38,2.24,IN,1696996392
85,vadso,70.0744,29.7487,-2.91,86,20,4.63,NO,1696996530
86,le port,-20.9373,55.2919,26.05,72,70,2.15,RE,1696996530
87,college,64.8569,-147.8028,-1.97,86,75,3.09,US,1696996530
88,semenivka,52.1783,32.5818,1.12,77,28,3.1,UA,1696996530
89,hawaiian paradise park,19.5933,-154.9731,26.73,78,100,4.12,US,1696996531
90,susuman,62.7833,148.1667,-8.61,76,100,1.09,RU,1696996531
91,tamanrasset,22.785,5.5228,17.95,27,0,2.06,DZ,1696996531
92,palangkaraya,-2.2,113.8333,33.24,40,100,1.84,ID,1696996531
93,murzuq,25.9155,13.9184,20.15,39,0,3.51,LY,1696996531
94,stung treng,13.5259,105.9683,30.82,68,37,1.85,KH,1696996531
95,tateyama,34.9833,139.8667,22.83,52,100,4.38,JP,1696996531
96,hasaki,35.7333,140.8333,25.16,54,100,6.51,JP,1696996531
97,sao gabriel da cachoeira,-0.1303,-67.0892,24.96,81,60,1.08,BR,1696996532
98,sisimiut,66.9395,-53.6735,-0.6,95,100,2.36,GL,1696996532
99,dunedin,-45.8742,170.5036,13.82,44,99,5.86,NZ,1696996479
100,porto novo,6.4965,2.6036,23.9,91,100,1.61,BJ,1696996532
101,kingston,17.997,-76.7936,29.53,77,20,3.09,JM,1696996434
102,ocos,14.5094,-92.1933,25.52,91,100,3.84,GT,1696996532
103,ubari,26.5921,12.7805,19.51,42,1,2.79,LY,1696996532
104,aberdeen,57.1437,-2.0981,9.27,71,78,5.14,GB,1696996532
105,yueyang,29.3333,113.0919,23.98,46,0,4.03,CN,1696996533
106,vorgashor,67.5833,63.95,-0.76,89,97,3.4,RU,1696996533
107,port mathurin,-19.6833,63.4167,23.45,73,63,6.49,MU,1696996533
108,st. john's,47.5649,-52.7093,11.05,99,100,5.66,CA,1696996310
109,korem,12.5058,39.5228,14.36,70,59,1.67,ET,1696996533
110,lobujya,27.95,86.8167,-1.42,58,1,3.05,NP,1696996533
111,bodo,67.28,14.405,6.02,77,100,14.4,NO,1696996533
112,qaqortoq,60.7167,-46.0333,4.77,59,96,0.54,GL,1696996533
113,es castell,39.8795,4.2854,19.38,94,0,1.54,ES,1696996533
114,jayapura,-2.5333,140.7,33.66,65,100,2.88,ID,1696996534
115,luderitz,-26.6481,15.1594,13.8,92,89,4.14,NA,1696996534
116,machico,32.7,-16.7667,25.07,48,0,1.54,PT,1696996534
117,sur,22.5667,59.5289,31.0,51,0,1.58,OM,1696996534
118,namibe,-15.1961,12.1522,18.19,88,100,1.79,AO,1696996534
119,arawa,-6.2132,155.5367,30.49,66,100,1.92,PG,1696996534
120,tinajo,29.0788,-13.7081,24.49,38,0,1.54,ES,1696996534
121,sault ste. marie,46.5168,-84.3333,7.16,89,20,2.06,CA,1696996406
122,al kharijah,25.4514,30.5464,21.54,46,0,3.67,EG,1696996534
123,serra branca,-6.5333,-38.2667,24.6,59,40,5.03,BR,1696996535
124,thunder bay,48.4001,-89.3168,6.99,81,75,1.54,CA,1696996346
125,havre,49.5833,0.3333,14.87,94,100,4.63,FR,1696996535
126,kulhudhuffushi,6.6221,73.07,27.46,75,100,2.92,MV,1696996535
127,port lincoln,-34.7333,135.8667,22.55,43,90,11.36,AU,1696996535
128,broken hill,-31.95,141.4333,27.73,23,0,5.1,AU,1696996535
129,pemba,-12.974,40.5178,23.39,94,20,3.13,MZ,1696996535
130,stanley,54.868,-1.6985,15.44,93,75,5.66,GB,1696996535
131,howrah,22.5892,88.3103,33.0,58,20,2.06,IN,1696996535
132,puerto madero,14.7208,-92.4215,26.47,85,100,3.26,MX,1696996535
133,anadyr,64.75,177.4833,1.28,69,75,5.0,RU,1696996536
134,lionel town,17.8101,-77.2406,29.94,86,45,2.76,JM,1696996536
135,kilindoni,-7.9139,39.6668,25.56,74,11,4.91,TZ,1696996536
136,lerwick,60.1545,-1.1494,9.0,74,30,11.77,GB,1696996267
137,mar del plata,-38.0023,-57.5575,11.16,84,0,6.69,AR,1696996376
138,port elizabeth,-33.918,25.5701,16.16,96,100,1.03,ZA,1696996536
139,ancud,-41.8697,-73.8203,4.32,73,9,3.73,CL,1696996536
140,aasiaat,68.7098,-52.8699,-1.72,95,100,0.33,GL,1696996536
141,iskateley,67.6803,53.1512,1.12,76,87,4.02,RU,1696996536
142,tura,25.5198,90.2201,28.66,65,19,0.61,IN,1696996536
143,seosan,36.7817,126.4522,20.83,53,90,2.12,KR,1696996537
144,rio gallegos,-51.6226,-69.2181,5.03,70,0,11.83,AR,1696996537
145,sinabang,2.4803,96.3801,24.91,92,100,1.93,ID,1696996537
146,acapulco de juarez,16.8634,-99.8901,25.19,85,100,2.6,MX,1696996537
147,miles city,46.4083,-105.8406,18.54,42,0,6.17,US,1696996537
148,puerto santa,-8.9906,-78.6456,18.39,91,52,4.72,PE,1696996537
149,maya,11.2743,124.0579,28.4,75,88,1.03,PH,1696996537
150,champerico,14.3,-91.9167,25.48,91,100,3.68,GT,1696996537
151,jiuquan,39.7432,98.5174,16.1,18,100,2.98,CN,1696996537
152,new martinsville,39.6445,-80.8576,8.78,63,3,1.39,US,1696996537
153,javea,38.7833,0.1667,21.58,84,2,1.34,ES,1696996538
154,kzyltu,53.6364,72.3414,8.46,54,83,6.82,KZ,1696996538
155,bintulu,3.1667,113.0333,32.23,70,40,1.54,MY,1696996538
156,yellowknife,62.456,-114.3525,11.29,90,20,4.63,CA,1696996538
157,whitehorse,60.7161,-135.0538,6.43,74,75,1.54,CA,1696996509
158,pacific grove,36.6177,-121.9166,18.06,83,100,1.54,US,1696996538
159,dunoon,55.947,-4.923,10.29,81,89,7.18,GB,1696996538
160,semey,50.4111,80.2275,18.12,52,0,7.0,KZ,1696996538
161,carnarvon,-24.8667,113.6333,26.25,38,61,9.69,AU,1696996538
162,angul,20.85,85.1,30.17,66,0,2.03,IN,1696996539
163,hithadhoo,-0.6,73.0833,27.56,76,5,7.22,MV,1696996539
164,crane,31.3974,-102.3501,20.69,71,98,6.93,US,1696996539
165,howard springs,-12.497,131.047,31.57,30,52,2.9,AU,1696996539
166,rio grande,-32.035,-52.0986,17.69,93,6,5.9,BR,1696996539
167,williams lake,52.1415,-122.1445,9.76,72,75,5.66,CA,1696996539
168,kodiak,57.79,-152.4072,3.73,60,0,5.14,US,1696996539
169,hamilton,39.1834,-84.5333,10.55,75,0,1.54,US,1696996285
170,new plymouth,-39.0667,174.0833,11.29,56,17,8.04,NZ,1696996539
171,vohl,51.2057,8.9451,16.51,69,98,3.68,DE,1696996539
172,ishikawa,26.4233,127.8214,29.41,57,40,6.69,JP,1696996540
173,olonkinbyen,70.9221,-8.7187,2.73,78,100,15.59,SJ,1696996540
174,vilyuysk,63.7553,121.6247,10.56,77,100,6.26,RU,1696996540
175,port augusta,-32.5,137.7667,33.15,16,0,8.97,AU,1696996540
176,vernon,50.2581,-119.2691,14.05,70,100,0.51,CA,1696996540
177,malabar,-33.9667,151.25,28.43,58,0,8.23,AU,1696996540
178,zhongshan,21.3226,110.5829,24.9,81,100,5.18,CN,1696996540
179,tarko-sale,64.9225,77.785,4.44,80,100,12.07,RU,1696996540
180,quellon,-43.1167,-73.6167,5.2,76,15,4.2,CL,1696996540
181,kavaratti,10.5669,72.642,28.36,60,100,2.44,IN,1696996541
182,constantia,44.1833,28.65,6.5,55,13,2.98,RO,1696996445
183,lebu,-37.6167,-73.65,8.32,78,7,7.1,CL,1696996541
184,conception bay south,47.4999,-52.9981,10.92,97,98,6.98,CA,1696996541
185,muang khong,14.1167,105.85,31.42,64,35,1.34,LA,1696996541
186,las khorey,11.1595,48.1967,28.71,74,3,1.28,SO,1696996541
187,grand falls-windsor,48.9332,-55.6649,13.06,90,100,1.34,CA,1696996541
188,port sudan,19.6175,37.2164,29.25,74,4,1.63,SD,1696996531
189,mirny,62.5353,113.9611,11.8,71,100,5.81,RU,1696996541
190,labrador city,52.9463,-66.9114,7.95,93,100,2.06,CA,1696996541
191,watseka,40.7762,-87.7364,7.41,60,0,2.87,US,1696996541
192,baardheere,2.3446,42.2764,25.52,71,99,5.99,SO,1696996542
193,arenal,8.4593,-73.9433,24.43,97,95,0.73,CO,1696996542
194,khandyga,62.6667,135.6,-0.29,98,100,2.2,RU,1696996542
195,palmas de monte alto,-14.2672,-43.1619,25.9,43,6,5.63,BR,1696996542
196,dryden,49.7833,-92.7503,6.16,87,100,3.09,CA,1696996542
197,port alfred,-33.5906,26.891,16.21,98,48,3.74,ZA,1696996542
198,mek'ele,13.4967,39.4753,16.4,67,2,3.38,ET,1696996542
199,valparaiso,-33.0393,-71.6273,10.8,76,40,4.12,CL,1696996542
200,qamdo,31.1667,97.2333,7.63,44,23,2.65,CN,1696996542
201,parauapebas,-6.0675,-49.9022,25.25,62,2,0.91,BR,1696996542
202,jalai nur,49.45,117.7,14.73,31,37,1.08,CN,1696996543
203,alaghsas,17.0187,8.0168,27.4,16,0,5.42,NE,1696996543
204,olinda,-8.0089,-34.8553,25.85,78,40,4.12,BR,1696996383
205,east london,-33.0153,27.9116,17.52,100,100,3.09,ZA,1696996543
206,klyuchi,52.2667,79.1667,19.05,41,77,7.42,RU,1696996543
207,tafresh,34.692,50.013,16.81,42,4,2.29,IR,1696996543
208,taroa,8.7058,171.2275,28.32,79,90,6.13,MH,1696996543
209,lompoc,34.6391,-120.4579,15.99,85,100,11.62,US,1696996543
210,oranjemund,-28.55,16.4333,13.8,95,41,1.35,NA,1696996544
211,alofi,-19.0595,-169.9187,24.94,61,40,6.69,NU,1696996544
212,esperanza,19.5847,-70.9849,26.83,83,99,1.79,DO,1696996544
213,arkhangel'sk,64.5401,40.5433,0.07,91,17,2.76,RU,1696996544
214,gulf shores,30.246,-87.7008,21.7,56,0,0.0,US,1696996544
215,nemuro,43.3236,145.575,12.53,57,75,5.5,JP,1696996544
216,margaret river,-33.95,115.0667,15.57,55,56,5.65,AU,1696996544
217,phan rang-thap cham,11.5667,108.9833,31.63,62,33,3.07,VN,1696996544
218,merizo village,13.2658,144.6691,31.85,85,100,11.22,GU,1696996544
219,ribeira grande,38.5167,-28.7,21.54,86,79,9.83,PT,1696996544
220,afaahiti,-17.75,-149.2833,27.81,85,22,4.64,PF,1696996545
221,uray,60.1247,64.7758,2.71,83,98,1.79,RU,1696996545
222,byron bay,-28.65,153.6167,22.97,57,17,4.68,AU,1696996545
223,tangzhai,34.4328,116.5911,23.12,38,53,0.98,CN,1696996545
224,tazovsky,67.4667,78.7,3.81,94,100,7.61,RU,1696996545
225,keflavik,64.0049,-22.5624,4.24,70,75,11.32,IS,1696996545
226,pyt-yakh,60.7499,72.8582,3.7,75,100,1.72,RU,1696996545
227,remire-montjoly,4.9167,-52.2667,25.02,94,20,0.0,GF,1696996546
228,petropavlovsk-kamchatsky,53.0452,158.6483,9.33,57,40,8.94,RU,1696996546
229,gisborne,-38.6533,178.0042,12.48,76,36,3.45,NZ,1696996546
230,constitucion,-35.3333,-72.4167,9.83,83,12,4.91,CL,1696996256
231,pisco,-13.7,-76.2167,19.03,82,25,6.69,PE,1696996471
232,kralendijk,12.15,-68.2667,28.99,79,1,7.2,BQ,1696996546
233,sao vicente,-23.9631,-46.3919,23.1,26,58,1.32,BR,1696996546
234,ventspils,57.3894,21.5606,11.96,94,100,9.26,LV,1696996546
235,boguchany,58.3814,97.4531,13.25,65,80,3.13,RU,1696996546
236,minas de marcona,-15.2119,-75.1103,13.7,87,65,5.78,PE,1696996547
237,fale old settlement,-9.3852,-171.2468,28.43,76,97,3.17,TK,1696996547
238,kailua-kona,19.6406,-155.9956,27.98,77,75,2.57,US,1696996252
239,menongue,-14.6585,17.691,18.65,76,97,1.79,AO,1696996547
240,la passe,45.5549,-0.8967,14.99,73,0,2.12,FR,1696996547
241,fort bragg,35.139,-79.006,19.85,61,0,4.63,US,1696996547
242,itoman,26.1247,127.6694,29.43,56,20,7.72,JP,1696996547
243,sai buri,6.7013,101.6168,30.84,69,90,0.78,TH,1696996547
244,tralee,52.2704,-9.7026,14.98,99,100,1.34,IE,1696996547
245,petukhovo,55.0692,67.9019,6.01,67,80,5.34,RU,1696996548
246,fryazevo,55.7319,38.4628,0.68,94,19,2.16,RU,1696996548
247,khovd,48.0056,91.6419,12.26,39,4,0.77,MN,1696996548
248,bonthe,7.5264,-12.505,25.21,89,100,1.95,SL,1696996548
249,paciran,-6.8767,112.3761,31.19,55,91,4.0,ID,1696996548
250,enewetak,11.3474,162.3373,28.84,72,87,5.81,MH,1696996548
251,an nuhud,12.7,28.4333,27.96,54,76,5.22,SD,1696996548
252,mangrol,21.1167,70.1167,27.32,70,6,3.4,IN,1696996548
253,mersing,2.4312,103.8405,32.95,70,40,2.57,MY,1696996548
254,atafu village,-8.5421,-172.5159,28.1,78,85,3.36,TK,1696996548
255,perryton,36.4,-100.8027,16.96,39,0,7.2,US,1696996548
256,dergaon,26.7,93.9667,26.08,86,85,2.77,IN,1696996549
257,mount gambier,-37.8333,140.7667,29.35,24,28,6.36,AU,1696996549
258,sitka,57.0531,-135.33,10.94,82,20,3.09,US,1696996549
259,urzhar,47.093,81.6294,19.33,39,2,2.52,KZ,1696996549
260,nar'yan-mar,67.6713,53.087,1.17,76,90,4.02,RU,1696996549
261,manokwari,-0.8667,134.0833,28.48,74,68,1.7,ID,1696996549
262,itamaraca,-7.7478,-34.8256,26.03,81,60,4.17,BR,1696996549
263,portland,45.5234,-122.6762,13.97,90,75,5.14,US,1696995895
264,primero de mayo,-32.2552,-58.4228,21.97,60,90,5.82,AR,1696996549
265,jinka,5.65,36.65,17.9,84,99,1.5,ET,1696996550
266,cananeia,-25.0147,-47.9267,18.46,92,37,1.49,BR,1696996550
267,lorengau,-2.0226,147.2712,29.49,71,99,4.21,PG,1696996550
268,greymouth,-42.4667,171.2,10.88,67,62,5.93,NZ,1696996264
269,manali,13.1667,80.2667,31.15,78,96,1.62,IN,1696996359
270,el jadid,33.2549,-8.506,19.92,87,100,0.91,MA,1696996550
271,vryburg,-26.9566,24.7284,19.66,63,100,4.64,ZA,1696996550
272,wynne,35.2245,-90.7868,18.89,45,99,2.99,US,1696996428
273,san pedro,14.35,121.0167,30.7,74,75,3.09,PH,1696996550
274,surskoye,54.4821,46.7214,3.14,97,100,3.92,RU,1696996550
275,rockland,41.1668,-74.0496,13.35,92,16,0.97,US,1696996550
276,gamay,12.3854,125.2979,30.41,67,88,2.73,PH,1696996551
277,kangding,30.0513,101.9603,14.69,73,55,1.77,CN,1696996551
278,jinjing,24.575,118.5972,27.34,70,72,13.05,CN,1696996551
279,monforte de lemos,42.5216,-7.5142,18.65,50,59,0.95,ES,1696996551
280,kapa'a,22.0752,-159.319,27.99,79,40,6.17,US,1696996551
281,strezhevoy,60.7333,77.5889,3.31,91,100,3.13,RU,1696996551
282,dezhou,37.4486,116.2925,23.51,30,22,2.5,CN,1696996551
283,tuyen quang,21.8233,105.2181,28.73,54,83,0.38,VN,1696996551
284,smithers,54.7804,-127.1743,7.18,100,100,1.03,CA,1696996551
285,northwest harborcreek,42.1494,-79.9946,9.95,93,100,4.12,US,1696996552
286,nanpara,27.8667,81.5,28.1,59,0,1.24,IN,1696996552
287,rawson,-43.3002,-65.1023,6.08,46,7,1.37,AR,1696996552
288,punta alta,-38.8759,-62.0736,10.04,67,54,8.54,AR,1696996552
289,cockburn town,21.4612,-71.1419,29.24,78,65,7.43,TC,1696996552
290,knyaze-volkonskoye,48.4642,135.4567,17.19,36,2,5.81,RU,1696996552
291,new norfolk,-42.7826,147.0587,21.51,23,26,0.75,AU,1696996547
292,kone,-21.0595,164.8658,22.26,69,97,2.47,NC,1696996552
293,poronaysk,49.2167,143.1167,12.94,39,1,2.72,RU,1696996552
294,khark,29.2614,50.3306,27.01,94,0,0.0,IR,1696996552
295,lejanias,3.5251,-74.0216,20.7,79,70,2.65,CO,1696996553
296,barra de santo antonio,-9.4047,-35.5072,22.6,81,76,1.7,BR,1696996553
297,turpan,42.9333,89.1667,26.33,17,100,1.22,CN,1696996553
298,kuching,1.55,110.3333,32.12,66,40,1.03,MY,1696996463
299,tandalti,13.0167,31.8667,31.53,34,68,2.57,SD,1696996553
300,flying fish cove,-10.4217,105.6791,26.82,83,100,5.14,CX,1696996553
301,vilyuchinsk,52.9306,158.4028,10.15,53,10,5.61,RU,1696996553
302,machakos,-1.5167,37.2667,15.97,84,79,1.1,KE,1696996553
303,kiffa,16.6166,-11.4045,32.69,33,83,3.4,MR,1696996553
304,yarmouth,41.7057,-70.2286,14.42,91,0,1.79,US,1696996554
305,praia da vitoria,38.7333,-27.0667,20.98,83,20,8.3,PT,1696996554
306,yaren,-0.5472,166.916,29.02,68,50,4.19,NR,1696996554
307,kuloy,61.0305,42.4925,1.72,96,84,1.82,RU,1696996554
308,kavieng,-2.5744,150.7967,29.13,74,77,4.67,PG,1696996554
309,kerikeri,-35.2268,173.9474,18.28,69,37,2.24,NZ,1696996554
310,aykhal,66.0,111.5,5.59,92,100,13.41,RU,1696996554
311,isangel,-19.55,169.2667,27.06,57,75,4.63,VU,1696996367
312,pathein,16.7833,94.7333,29.1,75,46,2.8,MM,1696996554
313,urucara,-2.5364,-57.76,27.66,40,28,0.26,BR,1696996555
314,alto barinas,8.5931,-70.2261,23.37,91,87,2.42,VE,1696996555
315,nuku'alofa,-21.1333,-175.2,24.19,60,40,3.6,TO,1696996555
316,huamachuco,-7.8,-78.0667,10.0,81,3,1.93,PE,1696996555
317,garhwa,24.1833,83.8167,28.86,60,0,2.62,IN,1696996555
318,kirensk,57.7853,108.1119,11.68,71,80,3.58,RU,1696996555
319,noosa heads,-26.3833,153.15,26.3,62,6,4.71,AU,1696996555
320,cadale,2.7603,46.3222,26.4,82,44,5.66,SO,1696996555
321,klaksvik,62.2266,-6.589,5.51,87,68,15.31,FO,1696996555
322,sinan,34.8262,126.1086,23.06,58,5,1.14,KR,1696996555
323,timbuktu,16.7735,-3.0074,32.31,19,56,2.91,ML,1696996556
324,puerto san jose,13.9256,-90.8244,26.11,88,100,1.7,GT,1696996556
325,usogorsk,63.4106,48.6872,2.59,71,100,2.1,RU,1696996556
326,anastacio,-20.4836,-55.8069,28.08,51,39,1.61,BR,1696996449
327,nova sintra,14.8667,-24.7167,23.78,77,100,2.99,CV,1696996556
328,santa ana,33.7456,-117.8678,20.86,83,100,3.09,US,1696996318
329,nuuk,64.1835,-51.7216,-0.66,100,100,0.0,GL,1696996556
330,weno,7.4515,151.8468,31.97,74,100,3.6,FM,1696996556
331,lazaro cardenas,17.9583,-102.2,24.05,93,100,0.18,MX,1696996406
332,anton lizardo,19.05,-95.9833,26.57,85,100,1.42,MX,1696996556
333,imamoglu,37.2651,35.6572,19.57,62,0,1.57,TR,1696996557
334,mezhdurechenskiy,59.6,65.9333,6.84,55,100,6.26,RU,1696996557
335,natal,-5.795,-35.2094,26.12,78,20,4.63,BR,1696996434
336,jiangzi,28.95,89.6333,6.74,35,31,3.38,CN,1696996557
337,nuevo casas grandes,30.4167,-107.9167,19.43,40,27,2.51,MX,1696996557
338,waingapu,-9.6567,120.2641,31.61,49,6,5.3,ID,1696996557
339,yeppoon,-23.1333,150.7333,28.88,59,0,6.04,AU,1696996557
340,minab,27.1467,57.0801,30.6,56,0,0.36,IR,1696996557
341,hsinchu,24.8036,120.9686,27.99,59,13,4.02,TW,1696996557
342,rosetta,31.4044,30.4164,23.02,67,87,4.21,EG,1696996558
343,pandan,14.0453,124.1694,29.81,69,100,3.41,PH,1696996558
344,fasa,28.9383,53.6482,12.58,30,0,2.06,IR,1696996558
345,camana,-16.6228,-72.7111,17.79,91,72,4.18,PE,1696996558
346,vol'sk,52.0333,47.3833,2.62,70,26,1.74,RU,1696996558
347,lihue,21.9789,-159.3672,27.58,74,40,6.17,US,1696996558
348,port shepstone,-30.7414,30.455,18.29,83,93,2.08,ZA,1696996558
349,zeya,53.75,127.2667,13.05,50,18,3.76,RU,1696996558
350,arraial do cabo,-22.9661,-42.0278,21.71,86,84,2.15,BR,1696996336
351,priozersk,61.0393,30.1291,7.22,88,100,6.4,RU,1696996559
352,atyashevo,54.5644,46.0691,1.37,95,100,4.98,RU,1696996559
353,telerghma,36.1165,6.3543,14.67,54,0,1.54,DZ,1696996559
354,namdrik,5.5994,168.1028,29.25,73,62,4.27,MH,1696996559
355,happy valley-goose bay,53.3168,-60.3315,11.17,87,100,1.54,CA,1696996559
356,cholet,47.1667,-1.0,15.18,80,0,2.15,FR,1696996559
357,koungheul,13.9833,-14.8,24.95,87,98,3.64,SN,1696996559
358,kokopo,-4.352,152.2633,30.42,67,87,4.15,PG,1696996559
359,noumea,-22.2763,166.4572,22.99,78,95,6.59,NC,1696996559
360,ostersund,63.1792,14.6357,7.25,100,100,2.57,SE,1696996560
361,ilha de mocambique,-15.0342,40.7358,24.28,82,91,2.03,MZ,1696996560
362,yemel'yanovo,56.1681,92.6767,14.71,59,0,1.0,RU,1696996560
363,lluta,-16.0147,-72.0142,11.42,54,15,0.44,PE,1696996560
364,badger,64.8,-147.5333,-2.02,86,75,3.09,US,1696996560
365,bouar,5.934,15.596,18.03,95,97,0.53,CF,1696996560
366,alice springs,-23.7,133.8833,30.75,10,0,2.06,AU,1696996560
367,imbituba,-28.24,-48.6703,17.02,95,20,5.67,BR,1696996384
368,port saint john's,-31.6229,29.5448,19.56,91,98,2.7,ZA,1696996560
369,kigonsera,-10.8,35.05,16.97,78,51,2.06,TZ,1696996561
370,uliastay,47.7417,96.8444,9.27,53,15,0.95,MN,1696996561
371,palmer,42.1584,-72.3287,10.23,84,20,0.0,US,1696996561
372,xiaolingwei,32.0333,118.85,21.99,51,0,2.98,CN,1696996561
373,lodwar,3.1191,35.5973,27.68,49,84,4.74,KE,1696996561
374,la ronge,55.1001,-105.2842,10.14,66,0,3.6,CA,1696996561
375,bantay,17.5847,120.3892,31.65,65,70,2.85,PH,1696996561
376,az zawiyah,32.0963,35.0398,20.06,78,20,1.54,PS,1696996561
377,khor,47.8861,134.9464,14.89,44,0,6.0,RU,1696996561
378,viedma,-40.8135,-62.9967,5.43,64,24,3.56,AR,1696996561
379,codrington,-38.2667,141.9667,27.91,28,59,8.76,AU,1696996562
380,bonanza,14.0289,-84.591,23.63,98,93,1.07,NI,1696996562
381,richards bay,-28.783,32.0377,22.08,83,100,5.56,ZA,1696996562
382,gumdag,39.2061,54.5906,17.31,31,67,9.26,TM,1696996562
383,savanna-la-mar,18.219,-78.1332,28.97,83,45,2.39,JM,1696996562
384,kayangel,8.0823,134.7173,28.26,83,100,11.44,PW,1696996562
385,veraval,20.9,70.3667,27.26,71,6,4.05,IN,1696996562
386,cabo san lucas,22.8909,-109.9124,27.64,85,40,1.54,MX,1696996353
387,norfolk,42.1668,-71.2495,11.95,91,35,1.35,US,1696996562
388,vila velha,-20.3297,-40.2925,22.97,90,75,3.6,BR,1696996387
389,al majaridah,19.1236,41.9111,30.06,39,0,1.47,SA,1696996563
390,belmonte,-15.8631,-38.8828,23.15,87,3,3.02,BR,1696996563
391,jiazi,22.8779,116.067,25.74,74,72,7.39,CN,1696996563
392,twon-brass,4.3151,6.2418,26.33,82,95,2.49,NG,1696996563
393,valderice,38.0401,12.6151,18.55,88,0,1.03,IT,1696996563
394,road town,18.4167,-64.6167,27.05,68,8,6.64,VG,1696996309
395,mana,5.6592,-53.7767,25.8,85,0,3.66,GF,1696996563
396,nacala,-14.5428,40.6728,23.47,84,57,1.4,MZ,1696996563
397,magadan,59.5667,150.8,0.85,87,98,2.68,RU,1696996563
398,hammerfest,70.6634,23.6821,-0.75,69,22,3.09,NO,1696996564
399,kamina,-8.7386,24.9906,17.15,89,100,1.27,CD,1696996564
400,tumayr,25.7039,45.868,27.19,18,0,3.35,SA,1696996564
401,west bay,19.3667,-81.4167,28.04,93,75,2.24,KY,1696996564
402,westport,41.1415,-73.3579,12.51,84,0,0.89,US,1696996564
403,tome,-36.6167,-72.95,10.34,75,5,3.88,CL,1696996564
404,salyan,39.5936,48.9805,14.45,78,100,4.36,AZ,1696996564
405,asheboro,35.7079,-79.8136,16.14,79,40,1.54,US,1696996565
406,san patricio,28.017,-97.5169,22.13,90,100,2.78,US,1696996565
407,canyon lake,29.8752,-98.2625,19.95,90,100,0.45,US,1696996565
408,siocon,7.7061,122.1353,28.55,77,98,3.01,PH,1696996565
409,brookings,44.3114,-96.7984,7.32,61,0,3.09,US,1696996565
410,mar''ina horka,53.509,28.147,1.12,87,80,3.54,BY,1696996565
411,altamira,-3.2033,-52.2064,26.87,54,24,1.59,BR,1696996565
412,lepsy,46.235,78.9456,20.62,29,96,5.27,KZ,1696996565
413,leninskoye,41.7589,69.3864,23.12,17,2,1.0,KZ,1696996565
414,san jose del guaviare,2.5729,-72.6459,23.01,97,88,0.66,CO,1696996565
415,misratah,32.3754,15.0925,22.65,70,0,1.86,LY,1696996566
416,la'ie,21.6477,-157.9253,27.98,72,67,2.24,US,1696996566
417,santa barbara,34.7333,-120.0343,15.05,73,75,2.06,US,1696996566
418,ciudad madero,22.2667,-97.8333,25.03,83,89,2.76,MX,1696996566
419,yilan,24.757,121.753,26.92,91,100,0.7,TW,1696996566
420,dwarka,22.2394,68.9678,27.39,68,100,2.42,IN,1696996566
421,sterling,39.0062,-77.4286,13.42,83,75,1.54,US,1696996515
422,sidareja,-7.4846,108.7923,32.79,41,87,3.97,ID,1696996566
423,aki,33.5,133.9,23.97,46,100,1.3,JP,1696996566
424,vyyezdnoye,55.3815,43.7864,0.56,93,93,3.63,RU,1696996566
425,shevchenkove,49.6959,37.1735,-1.08,80,0,3.14,UA,1696996567
426,oulad teima,30.3947,-9.209,17.6,22,64,2.16,MA,1696996567
427,bagneres-de-bigorre,43.0667,0.15,13.33,82,0,2.06,FR,1696996567
428,muravlenko,63.7898,74.523,2.58,83,100,5.44,RU,1696996567
429,selkirk,50.1436,-96.8845,6.71,67,100,2.58,CA,1696996567
430,watford city,47.8022,-103.2832,11.2,66,0,5.14,US,1696996515
431,elgin,42.0373,-88.2812,11.95,68,0,2.06,US,1696996061
432,karratha,-20.7377,116.8463,34.32,28,0,4.93,AU,1696996465
433,kawalu,-7.3817,108.2082,32.82,33,77,3.03,ID,1696996567
434,kismayo,-0.3582,42.5454,26.28,80,96,5.71,SO,1696996567
435,taguatinga,-12.3857,-46.5711,29.34,37,66,1.81,BR,1696996567
436,krasnyy chikoy,50.3643,108.7512,12.24,54,3,0.67,RU,1696996568
437,kirando,-7.4167,30.6,24.63,55,89,2.04,TZ,1696996568
438,cabugao,17.7931,120.4578,32.92,68,69,3.55,PH,1696996568
439,usinsk,65.9939,57.5281,2.26,76,100,10.73,RU,1696996568
440,marsa alam,25.0757,34.8918,26.53,63,0,4.67,EG,1696996367
441,roma,43.2128,-75.4557,9.93,84,100,0.0,US,1696996568
442,chernushka,56.5072,56.0766,3.4,96,100,3.4,RU,1696996568
443,wotho,10.1657,166.0102,28.33,70,46,5.17,MH,1696996568
444,kedougou,12.5579,-12.1743,24.52,87,100,1.0,SN,1696996568
445,karasburg,-28.0167,18.75,12.85,53,49,3.46,NA,1696996568
446,zhicheng,30.2956,111.5047,22.84,47,2,2.5,CN,1696996569
447,yanchep,-31.55,115.6833,21.12,44,21,5.6,AU,1696996569
448,cacoal,-11.4386,-61.4472,25.36,78,100,1.52,BR,1696996569
449,zaragoza,41.6561,-0.8773,17.23,44,0,0.0,ES,1696996367
450,erenhot,43.6475,111.9767,13.88,32,19,0.31,CN,1696996569
451,san luis de la loma,17.2706,-100.8939,23.62,94,100,1.67,MX,1696996569
452,kembe,4.6228,21.8865,18.44,98,99,0.65,CF,1696996569
453,ola,59.5833,151.2833,1.19,79,99,1.46,RU,1696996569
454,acarau,-2.8856,-40.12,25.75,78,9,7.38,BR,1696996308
455,madalena,41.2162,-8.3345,21.42,74,94,1.27,PT,1696996570
456,piui,-20.4653,-45.9581,21.62,80,4,2.23,BR,1696996570
457,plouzane,48.3833,-4.6167,16.03,97,100,6.17,FR,1696996570
458,viqueque,-8.8673,126.3658,31.71,47,72,4.31,TL,1696996570
459,lubumbashi,-11.6609,27.4794,18.73,52,12,2.21,CD,1696996570
460,marka,1.7159,44.7717,26.33,82,47,5.93,SO,1696996570
461,lillehammer,61.1146,10.4674,5.78,99,100,1.06,NO,1696996570
462,maputo,-25.9653,32.5892,21.82,88,75,3.13,MZ,1696996525
463,lodja,-3.4833,23.4333,19.65,99,100,0.17,CD,1696996570
464,puerto lempira,15.2667,-83.7667,26.39,91,41,3.77,HN,1696996571
465,urbana,40.1106,-88.2073,9.47,80,0,1.54,US,1696996571
466,macheng,31.1783,115.0319,24.11,39,0,1.25,CN,1696996571
467,khandud,36.9513,72.318,7.63,28,10,0.49,AF,1696996571
468,touros,-5.1989,-35.4608,25.39,77,13,6.1,BR,1696996571
469,katsuren-haebaru,26.3369,127.8719,29.43,56,40,6.69,JP,1696996571
470,breckenridge,32.7557,-98.9023,24.11,60,0,3.6,US,1696996571
471,mar'yinka,47.9453,37.5054,4.74,77,2,3.3,UA,1696996572
472,nizhniy odes,63.6445,54.856,0.22,88,100,1.17,RU,1696996572
473,zalari,53.5584,102.5065,14.13,49,4,4.85,RU,1696996572
474,dingcheng,32.1272,115.0394,21.78,48,3,3.75,CN,1696996572
475,hachinohe,40.5,141.5,17.72,50,34,3.49,JP,1696996572
476,acacias,3.987,-73.758,20.96,82,63,2.47,CO,1696996391
477,adrar,20.5022,-10.0711,27.43,16,0,4.02,MR,1696996572
478,colonia menno,-22.3667,-59.8167,31.56,39,26,6.29,PY,1696996573
479,bubaque,11.2833,-15.8333,26.72,81,100,3.89,GW,1696996573
480,tevriz,57.509,72.4042,5.19,74,100,1.67,RU,1696996573
481,stepnogorsk,52.3544,71.8869,7.91,50,64,6.9,KZ,1696996573
482,barakani,-12.1356,44.4317,24.92,80,92,2.38,KM,1696996573
483,naze,28.3667,129.4833,25.51,61,80,7.26,JP,1696996573
484,saudarkrokur,65.7461,-19.6394,2.23,92,100,11.7,IS,1696996573
485,chibougamau,49.9168,-74.3659,6.79,93,100,3.09,CA,1696996573
486,corner brook,48.9667,-57.9484,13.09,97,100,1.28,CA,1696996573
487,geraldton,-28.7667,114.6,22.23,33,0,7.72,AU,1696996574
488,san antonio de pale,-1.4014,5.6325,25.47,85,100,6.61,GQ,1696996574
489,kenai,60.5544,-151.2583,5.05,76,100,2.06,US,1696996574
490,tual,-5.6667,132.75,26.31,82,98,5.19,ID,1696996574
491,revda,56.801,59.9303,2.73,96,100,2.71,RU,1696996574
492,xiangtan,27.85,112.9,23.18,52,41,2.77,CN,1696996574
493,bay roberts,47.5999,-53.2648,11.25,95,90,0.89,CA,1696996574
494,tadine,-21.55,167.8833,22.43,63,100,4.68,NC,1696996574
495,katsuura,35.1333,140.3,21.72,52,99,7.55,JP,1696996574
496,dongcun,36.7767,121.1597,22.09,39,0,1.9,CN,1696996575
497,kabwe,-14.4469,28.4464,19.1,65,10,2.61,ZM,1696996500
498,lufilufi,-13.8745,-171.5986,29.88,82,48,9.68,WS,1696996575
499,taro,-8.3862,115.28,27.0,42,11,2.11,ID,1696996575
500,chuncheon,37.8747,127.7342,21.97,40,38,1.12,KR,1696996575
501,kremenets,50.0969,25.7246,3.41,62,38,4.5,UA,1696996575
502,kirksville,40.1948,-92.5833,10.59,76,75,0.0,US,1696996559
503,balqash,46.8481,74.995,15.33,77,0,5.0,KZ,1696996576
504,summerland,49.5998,-119.6691,13.47,58,75,5.66,CA,1696996576
505,tomatlan,19.9333,-105.25,23.11,91,100,7.38,MX,1696996576
506,ginir,7.1333,40.7,15.12,87,32,1.13,ET,1696996576
507,santo antonio do ica,-3.1022,-67.9397,25.7,76,71,1.45,BR,1696996576
508,kununurra,-15.7667,128.7333,38.99,18,54,4.63,AU,1696996576
509,ad dabbah,18.05,30.95,27.97,32,3,4.7,SD,1696996576
510,tinogasta,-28.0632,-67.5649,18.69,31,0,0.37,AR,1696996576
511,prince rupert,54.3161,-130.3201,11.83,92,100,1.03,CA,1696996577
512,oruro,-17.9833,-67.15,10.72,62,15,3.43,BO,1696996577
513,ebon,4.582,168.6964,29.26,72,88,2.6,MH,1696996577
514,amahai,-3.3333,128.9167,27.86,70,74,3.04,ID,1696996577
515,xai-xai,-25.0519,33.6442,19.88,89,45,2.99,MZ,1696996577
516,gornozavodsk,58.3758,58.3211,2.82,97,100,2.2,RU,1696996577
517,monrovia,6.3005,-10.7969,24.87,88,80,1.7,LR,1696996577
518,saint-joseph,-21.3667,55.6167,25.26,67,49,1.39,RE,1696996577
519,mariental,-24.6333,17.9667,22.97,18,99,2.26,NA,1696996577
520,villamontes,-21.25,-63.5,27.9,48,12,1.85,BO,1696996578
521,sassandra,4.95,-6.0833,23.75,95,98,1.67,CI,1696996578
522,monteagudo,-19.8167,-63.9833,19.53,74,7,0.82,BO,1696996578
523,coracora,-15.0333,-73.7833,13.25,61,79,0.8,PE,1696996578
524,kidal,18.4411,1.4078,27.24,17,7,4.3,ML,1696996578
525,san fernando,15.0286,120.6898,30.85,75,99,1.25,PH,1696996377
526,williamson,30.6502,-97.6003,21.64,78,100,1.79,US,1696996578
527,inari,68.906,27.0288,-6.89,81,98,1.37,FI,1696996578
528,riihimaki,60.7377,24.7773,10.75,95,100,6.49,FI,1696996578
529,huanggang,23.677,116.9996,26.94,68,40,3.22,CN,1696996579
530,shenjiamen,29.9576,122.298,21.31,69,99,5.42,CN,1696996579
531,thurso,58.5927,-3.5259,9.36,82,76,13.41,GB,1696996579
532,guangyuan,32.442,105.823,15.66,90,100,0.74,CN,1696996579
533,kasangulu,-4.5911,15.1708,22.16,87,98,1.3,CD,1696996579
534,emerald,-23.5333,148.1667,31.3,24,0,3.67,AU,1696996579
535,verkhnevilyuysk,63.4453,120.3167,11.08,72,100,6.26,RU,1696996579
536,kabalo,-6.05,26.9167,22.77,82,100,1.76,CD,1696996579
537,hadibu,12.65,54.0333,27.52,75,68,0.41,YE,1696996579
538,askiz,53.1319,90.5264,15.76,45,56,2.78,RU,1696996580
539,calama,-22.4667,-68.9333,8.27,21,0,6.69,CL,1696996580
540,kroya,-7.6331,109.2461,29.33,59,97,4.8,ID,1696996580
541,bela,25.9333,81.9833,30.28,43,0,3.66,IN,1696996580
542,mulanje,-16.0316,35.5,21.8,60,47,0.73,MW,1696996580
543,lospalos,-8.5186,127.0025,28.73,51,79,5.27,TL,1696996580
544,mizan teferi,6.9833,35.5833,16.67,95,93,1.21,ET,1696996580
545,okha,53.5739,142.9478,9.26,66,25,8.49,RU,1696996580
546,berea,41.3662,-81.8543,11.64,80,100,1.54,US,1696996580
547,coquimbo,-29.9533,-71.3436,11.85,87,0,1.03,CL,1696996581
548,borogontsy,62.6683,131.1683,4.6,97,100,4.02,RU,1696996581
549,nasiriyah,31.0521,46.261,30.73,18,29,1.35,IQ,1696996581
550,queenstown,-31.8976,26.8753,10.49,90,42,0.36,ZA,1696996206
551,bikenibeu village,1.3673,173.1241,30.98,70,75,2.06,KI,1696996581
552,meraux,29.933,-89.9498,22.99,65,20,2.57,US,1696996462
553,polatli,39.5772,32.1413,9.3,74,69,2.88,TR,1696996581
554,san pedro pochutla,15.7333,-96.4667,25.27,83,94,3.89,MX,1696996365
555,matane,48.8286,-67.522,8.93,87,99,2.73,CA,1696996511
556,gebeit,21.0667,36.3167,24.13,70,1,2.34,SD,1696996581
557,curup,-3.4667,102.5333,29.73,54,63,0.89,ID,1696996581
558,villa gesell,-37.2639,-56.973,12.09,94,99,9.03,AR,1696996449
559,axim,4.8699,-2.2405,24.54,92,100,2.74,GH,1696996582
560,sagaing,21.8787,95.9797,27.42,81,100,1.75,MM,1696996582
561,winsted,41.9212,-73.0601,8.69,93,24,0.66,US,1696996582
562,quincy,42.2529,-71.0023,12.22,89,18,1.79,US,1696996551
563,veinticinco de mayo,-35.4323,-60.1727,11.1,76,100,1.79,AR,1696996582
564,tazacorte,28.629,-17.9293,28.42,25,0,3.58,ES,1696996582
565,novodvinsk,64.4165,40.8122,-0.12,91,24,2.76,RU,1696996582
566,padang,-0.9492,100.3543,28.03,78,77,2.26,ID,1696996582
567,bluefield,37.2698,-81.2223,7.44,91,8,0.45,US,1696996305
568,salisbury,51.0693,-1.7957,16.98,94,100,5.14,GB,1696996582
569,conde,-7.2597,-34.9075,23.7,88,20,2.57,BR,1696996583
570,sarikei,2.1167,111.5167,30.61,53,97,1.61,MY,1696996583
571,aginskoye,51.1,114.53,14.06,43,2,2.78,RU,1696996583
572,peniche,39.3558,-9.3811,16.17,97,93,0.36,PT,1696996583
573,mersa matruh,31.3525,27.2453,23.2,61,0,5.02,EG,1696996583
